,0.0,1.0,accuracy,macro avg,weighted avg
precision,0.9986506365553646,0.0,0.9986506365553646,0.4993253182776823,0.9973030938924349
recall,1.0,0.0,0.9986506365553646,0.5,0.9986506365553646
f1-score,0.9993248627749365,0.0,0.9986506365553646,0.49966243138746824,0.9979764103357927
support,1386929.0,1874.0,0.9986506365553646,1388803.0,1388803.0
