,0.0,1.0,accuracy,macro avg,weighted avg
precision,0.995944047572942,0.0,0.995944047572942,0.497972023786471,0.9919045458959744
recall,1.0,0.0,0.995944047572942,0.5,0.995944047572942
f1-score,0.9979679027415673,0.0,0.995944047572942,0.49898395137078366,0.9939201924043167
support,282875.0,1152.0,0.995944047572942,284027.0,284027.0
